{"cameraMode":{"drawMode":0,"name":"Shaded","section":"Shading Mode"},"sceneLighting":false,"audioPlay":false,"sceneViewState":{"showFog":true,"showMaterialUpdate":false,"showSkybox":false,"showFlares":true,"showImageEffects":true,"showParticleSystems":true},"in2DMode":false,"pivot":{"x":2.4000244140625,"y":1.489990234375,"z":-0.8600000143051148},"rotation":{"x":-0.36982473731040957,"y":0.18812474608421327,"z":-0.07673724740743637,"w":-0.9066229462623596},"size":6.464662551879883,"orthographic":false}