{"cameraMode":{"drawMode":0,"name":"Shaded","section":"Shading Mode"},"sceneLighting":true,"audioPlay":false,"sceneViewState":{"showFog":true,"showMaterialUpdate":false,"showSkybox":true,"showFlares":true,"showImageEffects":true,"showParticleSystems":true},"in2DMode":false,"pivot":{"x":0.3043530583381653,"y":-2.7601921558380129,"z":10.139190673828125},"rotation":{"x":-0.24991858005523683,"y":0.6317600607872009,"z":-0.22618842124938966,"w":-0.6980403661727905},"size":4.709763526916504,"orthographic":false}