{"cameraMode":{"drawMode":0,"name":"Shaded","section":"Shading Mode"},"sceneLighting":false,"audioPlay":false,"sceneViewState":{"showFog":true,"showMaterialUpdate":false,"showSkybox":false,"showFlares":true,"showImageEffects":true,"showParticleSystems":true},"in2DMode":false,"pivot":{"x":0.0099107027053833,"y":0.4640617072582245,"z":-0.7290407419204712},"rotation":{"x":-0.010543497279286385,"y":0.989115297794342,"z":-0.10278476774692536,"w":-0.10560805350542069},"size":1.1220834255218506,"orthographic":true}