{"cameraMode":{"drawMode":0,"name":"Shaded","section":"Shading Mode"},"sceneLighting":false,"audioPlay":false,"sceneViewState":{"showFog":true,"showMaterialUpdate":false,"showSkybox":false,"showFlares":true,"showImageEffects":true,"showParticleSystems":true},"in2DMode":false,"pivot":{"x":-0.000052809715270996094,"y":-3.948807716369629e-7,"z":1.0216013193130494},"rotation":{"x":-0.37518829107284548,"y":0.2632090747356415,"z":-0.11199888586997986,"w":-0.8817175626754761},"size":1.376839518547058,"orthographic":false}