{"cameraMode":{"drawMode":0,"name":"Shaded","section":"Shading Mode"},"sceneLighting":true,"audioPlay":false,"sceneViewState":{"showFog":true,"showMaterialUpdate":false,"showSkybox":true,"showFlares":true,"showImageEffects":true,"showParticleSystems":true},"in2DMode":false,"pivot":{"x":1.8526005744934083,"y":2.149796962738037,"z":1.2089096307754517},"rotation":{"x":-0.20896197855472566,"y":0.7323210835456848,"z":-0.2572456896305084,"w":-0.5948688387870789},"size":4.36584997177124,"orthographic":false}