{"cameraMode":{"drawMode":0,"name":"Shaded","section":"Shading Mode"},"sceneLighting":false,"audioPlay":false,"sceneViewState":{"showFog":true,"showMaterialUpdate":false,"showSkybox":false,"showFlares":true,"showImageEffects":true,"showParticleSystems":true},"in2DMode":false,"pivot":{"x":-0.06082653999328613,"y":0.7848894596099854,"z":-0.7525148391723633},"rotation":{"x":0.1305089294910431,"y":-0.7711763381958008,"z":0.16755126416683198,"w":0.6002501249313355},"size":3.5215718746185304,"orthographic":true}