{"cameraMode":{"drawMode":0,"name":"Shaded","section":"Shading Mode"},"sceneLighting":true,"audioPlay":false,"sceneViewState":{"showFog":true,"showMaterialUpdate":false,"showSkybox":true,"showFlares":true,"showImageEffects":true,"showParticleSystems":true},"in2DMode":false,"pivot":{"x":0.7569434642791748,"y":0.7883772253990173,"z":1.691858172416687},"rotation":{"x":-0.19134078919887544,"y":0.5003998279571533,"z":-0.11480359733104706,"w":-0.8367337584495544},"size":3.8010036945343019,"orthographic":true}