{"cameraMode":{"drawMode":0,"name":"Shaded","section":"Shading Mode"},"sceneLighting":false,"audioPlay":false,"sceneViewState":{"showFog":true,"showMaterialUpdate":false,"showSkybox":false,"showFlares":true,"showImageEffects":true,"showParticleSystems":true},"in2DMode":false,"pivot":{"x":0.0099107027053833,"y":0.4640617072582245,"z":-0.7290407419204712},"rotation":{"x":-0.038555774837732318,"y":0.9096280932426453,"z":-0.08776525408029556,"w":-0.40443119406700137},"size":1.0987462997436524,"orthographic":true}